{
  "lastServers": [
    {
      "Name": "eu.the5zig.mod.server.GameServer",
      "Value": {
        "configName": "hypixel",
        "host": "hypixel.net",
        "port": 25565,
        "time": 1581359628995
      }
    },
    {
      "Name": "eu.the5zig.mod.server.Server",
      "Value": {
        "host": "Neruxvace.net",
        "port": 25565,
        "time": 1581352021516
      }
    },
    {
      "Name": "eu.the5zig.mod.server.Server",
      "Value": {
        "host": "Twerion.net",
        "port": 25565,
        "time": 1581350679794
      }
    },
    {
      "Name": "eu.the5zig.mod.server.Server",
      "Value": {
        "host": "Frittencrew.de",
        "port": 25565,
        "time": 1581251091661
      }
    }
  ],
  "MAX_SERVER_COUNT": 5
}