{
  "modules": [
    {
      "id": "Armor",
      "showLabel": false,
      "scale": 1.0,
      "boxOpacity": 0.0,
      "location": "BOTTOM_RIGHT",
      "enabled": true,
      "items": [
        {
          "type": "HELMET",
          "settings": [
            {
              "name": "durability",
              "value": {
                "durability": "RELATIVE"
              }
            },
            {
              "name": "attributes",
              "value": {
                "attributes": true
              }
            }
          ]
        },
        {
          "type": "CHESTPLATE",
          "settings": [
            {
              "name": "durability",
              "value": {
                "durability": "RELATIVE"
              }
            },
            {
              "name": "attributes",
              "value": {
                "attributes": true
              }
            }
          ]
        },
        {
          "type": "LEGGINGS",
          "settings": [
            {
              "name": "durability",
              "value": {
                "durability": "RELATIVE"
              }
            },
            {
              "name": "attributes",
              "value": {
                "attributes": true
              }
            }
          ]
        },
        {
          "type": "BOOTS",
          "settings": [
            {
              "name": "durability",
              "value": {
                "durability": "RELATIVE"
              }
            },
            {
              "name": "attributes",
              "value": {
                "attributes": true
              }
            }
          ]
        }
      ]
    },
    {
      "id": "Effects",
      "showLabel": false,
      "scale": 1.0526316,
      "boxOpacity": 0.0,
      "location": "CUSTOM",
      "anchor": "CENTER_LEFT",
      "locationX": 0.003125,
      "locationY": 0.5,
      "enabled": true,
      "items": [
        {
          "type": "POTIONS",
          "settings": [
            {
              "name": "coloredPotionDurability",
              "value": {
                "coloredPotionDurability": false
              }
            }
          ],
          "color": {}
        }
      ]
    },
    {
      "id": "Info",
      "showLabel": true,
      "scale": 1.0,
      "boxOpacity": 0.0,
      "location": "TOP_RIGHT",
      "color": {
        "mainFormatting": "BOLD",
        "mainColor": "DARK_PURPLE"
      },
      "enabled": true,
      "items": [
        {
          "type": "COORDINATES",
          "settings": [
            {
              "name": "coordStyle",
              "value": {
                "coordStyle": "BELOW_OTHER"
              }
            }
          ],
          "color": {
            "prefixFormatting": "BOLD",
            "prefixColor": "DARK_RED",
            "mainFormatting": "BOLD"
          }
        },
        {
          "type": "DIRECTION",
          "settings": [
            {
              "name": "directionStyle",
              "value": {
                "directionStyle": "STRING"
              }
            },
            {
              "name": "showDirectionTowards",
              "value": {
                "showDirectionTowards": false
              }
            }
          ],
          "color": {
            "prefixFormatting": "BOLD",
            "prefixColor": "DARK_PURPLE",
            "mainFormatting": "BOLD"
          }
        },
        {
          "type": "BIOME",
          "color": {
            "prefixFormatting": "BOLD",
            "prefixColor": "DARK_RED",
            "mainFormatting": "BOLD",
            "mainColor": "WHITE"
          }
        }
      ]
    }
  ],
  "defaultModules": [
    "stats",
    "armor",
    "potions",
    "customserver",
    "coordinatesclipboard",
    "timolia",
    "timoliatournament",
    "gommehd",
    "playminity",
    "bergwerk",
    "mineplex",
    "hypixel",
    "venicraft",
    "cytooxien",
    "simplehg",
    "party",
    "teamspeak",
    "spotify",
    "itunes"
  ],
  "availableItems": [
    "FPS",
    "CPS",
    "AFK_TIME",
    "COORDINATES",
    "CHUNK_COORDINATES",
    "DEATH_COORDINATES",
    "DIRECTION",
    "PITCH",
    "BIOME",
    "ENTITIES",
    "POTIONS",
    "LIGHT_LEVEL",
    "SPEED",
    "TARGET_BLOCK_COORDINATES",
    "TARGET_BLOCK_NAME",
    "DAMAGE_RESISTANCE",
    "MAIN_HAND",
    "OFF_HAND",
    "HELMET",
    "CHESTPLATE",
    "LEGGINGS",
    "BOOTS",
    "ARROWS",
    "SOUPS",
    "IP",
    "PLAYERS",
    "PING",
    "LOBBY",
    "COUNTDOWN",
    "KILLS",
    "KILLSTREAK",
    "DEATHS",
    "WIN_MESSAGE",
    "ONLINE_FRIENDS",
    "PARTY_MEMBERS",
    "NICKNAME",
    "TIMOLIA_PVP_WINSTREAK",
    "TIMOLIA_PVP_OPPONENT",
    "TIMOLIA_PVP_OPPONENT_GAMES",
    "TIMOLIA_PVP_OPPONENT_WINS",
    "TIMOLIA_PVP_OPPONENT_KDR",
    "TIMOLIA_TOURNAMENT_PARTICIPANTS",
    "TIMOLIA_TOURNAMENT_ROUND",
    "TIMOLIA_TOURNAMENT_FIRST_TO",
    "TIMOLIA_TOURNAMENT_QUALIFICATION",
    "TIMOLIA_TOURNAMENT_ROUND_SCORE",
    "TIMOLIA_DNA_HEIGHT",
    "TIMOLIA_ARCADE_CURRENT_MINIGAME",
    "TIMOLIA_ARCADE_NEXT_MINIGAME",
    "TIMOLIA_ARENA_ROUND",
    "TIMOLIA_BRAINBOW_TEAM",
    "TIMOLIA_BRAINBOW_SCORE",
    "TIMOLIA_ADVENT_MEDAL",
    "TIMOLIA_ADVENT_PARKOUR",
    "TIMOLIA_ADVENT_CHECKPOINT",
    "TIMOLIA_ADVENT_FAILS",
    "TIMOLIA_INTIME_INVINCIBILITY",
    "TIMOLIA_INTIME_REGENERATION",
    "TIMOLIA_INTIME_LOOT",
    "TIMOLIA_INTIME_INVINCIBILITY_MESSAGE",
    "TIMOLIA_JUMPWORLD_FAILS",
    "TIMOLIA_JUMPWORLD_CHECKPOINT",
    "TIMOLIA_JUMPWORLD_LAST_CHECKPOINT",
    "GOMMEHD_SG_DEATHMATCH",
    "GOMMEHD_SG_DEATHMATCH_MESSAGE",
    "GOMMEHD_BEDWARS_TEAM",
    "GOMMEHD_BEDWARS_RESPAWN",
    "GOMMEHD_BEDWARS_GOLD",
    "GOMMEHD_BEDWARS_BEDS",
    "GOMMEHD_ENDERGAMES_KIT",
    "GOMMEHD_ENDERGAMES_COINS",
    "GOMMEHD_SKYWARS_COINS",
    "GOMMEHD_SKYWARS_TEAM",
    "GOMMEHD_SKYWARS_KIT",
    "GOMMEHD_RAGEMODE_EMERALDS",
    "PLAYMINITY_JUMPLEAGUE_CHECKPOINTS",
    "PLAYMINITY_JUMPLEAGUE_FAILS",
    "PLAYMINITY_JUMPLEAGUE_LIVES",
    "BERGWERK_DUEL_TEAM",
    "BERGWERK_DUEL_RESPAWN",
    "BERGWERK_DUEL_TELEPORT_MESSAGE",
    "HYPIXEL_PAINTBALL_TEAM",
    "HYPIXEL_BLITZ_KIT",
    "HYPIXEL_BLITZ_STAR",
    "HYPIXEL_BLITZ_DEATHMATCH",
    "HYPIXEL_BLITZ_STAR_MESSAGE",
    "HYPIXEL_BLITZ_DEATHMATCH_MESSAGE",
    "VENICRAFT_MINEATHLON_DISCIPLINE",
    "VENICRAFT_MINEATHLON_ROUND",
    "CYTOOXIEN_MARIOPARTY_PLACE",
    "CYTOOXIEN_MARIOPARTY_REMAINING_FIELDS",
    "CYTOOXIEN_MARIOPARTY_FIRST_PLAYER",
    "CYTOOXIEN_MARIOPARTY_FIRST_SECOND_THIRD",
    "CYTOOXIEN_MARIOPARTY_MINIGAMES",
    "CYTOOXIEN_BW_BEDS",
    "CYTOOXIEN_BW_STATS_KILLS",
    "CYTOOXIEN_BW_TEAM",
    "CYTOOXIEN_BW_CAN_RESPAWN",
    "SIMPLEHG_KIT",
    "SIMPLEHG_FEAST",
    "SIMPLEHG_MINIFEAST",
    "TIME",
    "DATE",
    "TIMER",
    "MEMORY",
    "BATTERY",
    "SPOTIFY",
    "ITUNES",
    "ILOVERADIO",
    "EINSLIVE",
    "TEAMSPEAK",
    "DUMMY",
    "COORDINATES_CLIPBOARD",
    "CUSTOM_SERVER"
  ]
}EATHMATCH",
    "GOMMEHD_SG_DEATHMATCH_MESSAGE",
    "GOMMEHD_BEDWARS_TEAM",
    "GOMMEHD_BEDWARS_RESPAWN",
    "GOMMEHD_BEDWARS_GOLD",
    "GOMMEHD_BEDWARS_BEDS",
    "GOMMEHD_ENDERGAMES_KIT",
    "GOMMEHD_ENDERGAMES_COINS",
    "GOMMEHD_SKYWARS_COINS",
    "GOMMEHD_SKYWARS_TEAM",
    "GOMMEHD_SKYWARS_KIT",
    "GOMMEHD_RAGEMODE_EMERALDS",
    "PLAYMINITY_JUMPLEAGUE_CHECKPOINTS",
    "PLAYMINITY_JUMPLEAGUE_FAILS",
    "PLAYMINITY_JUMPLEAGUE_LIVES",
    "BERGWERK_DUEL_TEAM",
    "BERGWERK_DUEL_RESPAWN",
    "BERGWERK_DUEL_TELEPORT_MESSAGE",
    "HYPIXEL_PAINTBALL_TEAM",
    "HYPIXEL_BLITZ_KIT",
    "HYPIXEL_BLITZ_STAR",
    "HYPIXEL_BLITZ_DEATHMATCH",
    "HYPIXEL_BLITZ_STAR_MESSAGE",
    "HYPIXEL_BLITZ_DEATHMATCH_MESSAGE",
    "VENICRAFT_MINEATHLON_DISCIPLINE",
    "VENICRAFT_MINEATHLON_ROUND",
    "CYTOOXIEN_MARIOPARTY_PLACE",
    "CYTOOXIEN_MARIOPARTY_REMAINING_FIELDS",
    "CYTOOXIEN_MARIOPARTY_FIRST_PLAYER",
    "CYTOOXIEN_MARIOPARTY_FIRST_SECOND_THIRD",
    "CYTOOXIEN_MARIOPARTY_MINIGAMES",
    "CYTOOXIEN_BW_BEDS",
    "CYTOOXIEN_BW_STATS_KILLS",
    "CYTOOXIEN_BW_TEAM",
    "CYTOOXIEN_BW_CAN_RESPAWN",
    "SIMPLEHG_KIT",
    "SIMPLEHG_FEAST",
    "SIMPLEHG_MINIFEAST",
    "TIME",
    "DATE",
    "TIMER",
    "MEMORY",
    "BATTERY",
    "SPOTIFY",
    "ITUNES",
    "ILOVERADIO",
    "EINSLIVE",
    "TEAMSPEAK",
    "DUMMY",
    "COORDINATES_CLIPBOARD",
    "CUSTOM_SERVER"
  ]
}